City_ID,City,Country,Lat,Lng,Max Temp,Humidity,Cloudiness,Wind Speed,Current Description
0,Guerrero Negro,MX,27.98,-114.06,65.62,74,20,12.26,few clouds
1,Cherskiy,RU,68.75,161.30,-2.52,99,55,3.74,broken clouds
2,Jamestown,US,42.10,-79.24,57.02,78,75,6.91,broken clouds
3,Moth,IN,25.72,78.95,70.83,53,71,4.94,broken clouds
4,Porgera,PG,-5.47,143.20,56.35,69,75,2.55,broken clouds
5,Luanda,AO,-8.84,13.23,77.0,88,75,5.75,broken clouds
6,Upernavik,GL,72.79,-56.15,9.37,76,75,5.73,broken clouds
7,Praia Da Vitoria,PT,38.73,-27.07,64.76,86,100,13.91,overcast clouds
8,Punta Arenas,CL,-53.15,-70.92,57.31,58,0,8.05,clear sky
9,Albany,US,42.60,-73.97,68.4,88,64,7.38,broken clouds
10,Bambous Virieux,MU,-20.34,57.76,71.85,83,40,3.44,scattered clouds
11,Ushuaia,AR,-54.80,-68.30,47.86,87,0,3.44,clear sky
12,Mancio Lima,BR,-7.61,-72.90,76.82,51,45,2.84,scattered clouds
13,Hobart,AU,-42.88,147.33,72.05,61,20,10.36,few clouds
14,Ambilobe,MG,-13.20,49.05,70.11,86,0,4.41,clear sky
15,Poum,NC,-20.23,164.02,79.52,75,3,5.28,clear sky
16,Bengkulu,ID,-3.80,102.27,78.03,80,100,3.09,overcast clouds
17,Huangmei,CN,30.19,116.03,64.72,70,0,2.62,clear sky
18,Port Elizabeth,ZA,-33.92,25.57,68.09,93,100,4.0,overcast clouds
19,Jumla,NP,29.27,82.18,42.46,44,51,4.34,broken clouds
20,Ilulissat,GL,69.22,-51.10,-3.14,94,12,7.02,few clouds
21,Hithadhoo,MV,-0.60,73.08,81.37,76,34,12.66,scattered clouds
22,Flinders,AU,-34.58,150.86,76.17,68,9,7.0,clear sky
23,Cape Town,ZA,-33.93,18.42,65.12,88,75,11.5,broken clouds
24,Port Alfred,ZA,-33.59,26.89,66.18,83,100,11.01,overcast clouds
25,Busselton,AU,-33.65,115.33,66.43,62,52,11.95,broken clouds
26,Khatanga,RU,71.97,102.50,-14.39,97,85,4.81,overcast clouds
27,Henties Bay,NA,-22.12,14.28,66.11,70,100,7.16,overcast clouds
28,Puerto Ayora,EC,-0.74,-90.35,67.55,85,82,5.01,broken clouds
29,Tiksi,RU,71.69,128.87,0.91,93,100,20.4,light snow
30,Saint Anthony,US,45.02,-93.22,44.22,42,0,29.93,clear sky
31,Meulaboh,ID,4.14,96.13,78.33,82,98,4.41,overcast clouds
32,Sao Joao Da Barra,BR,-21.64,-41.05,67.77,74,0,7.07,clear sky
33,Bredasdorp,ZA,-34.53,20.04,64.33,84,100,3.24,overcast clouds
34,Superior,US,46.72,-92.10,40.89,49,100,28.77,overcast clouds
35,Vanimo,PG,-2.67,141.30,87.01,63,99,2.51,overcast clouds
36,Zaraysk,RU,54.77,38.88,32.72,84,100,10.27,overcast clouds
37,Bonoua,CI,5.27,-3.60,78.42,91,20,2.86,few clouds
38,Rikitea,PF,-23.12,-134.97,72.23,80,100,13.71,overcast clouds
39,Cidreira,BR,-30.18,-50.21,62.94,80,7,13.71,clear sky
40,Geraldton,AU,-28.77,114.60,68.41,56,40,14.97,scattered clouds
41,Severo-Kurilsk,RU,50.68,156.12,36.46,71,80,29.55,broken clouds
42,Belmonte,BR,-15.86,-38.88,72.37,75,67,11.45,broken clouds
43,Horta,PT,38.53,-28.63,65.01,78,100,17.0,overcast clouds
44,Piacabucu,BR,-10.41,-36.43,75.78,86,38,13.24,scattered clouds
45,Dikson,RU,73.51,80.55,7.81,92,100,8.68,overcast clouds
46,Vaini,TO,-21.20,-175.20,80.76,69,20,11.5,few clouds
47,Thompson,CA,55.74,-97.86,14.16,79,100,16.11,light snow
48,Saskylakh,RU,71.92,114.08,-23.85,100,47,2.86,scattered clouds
49,Khani,GE,41.96,42.96,44.17,82,89,5.75,overcast clouds
50,Butaritari,KI,3.07,172.79,79.45,76,40,6.35,scattered clouds
51,Nouadhibou,MR,20.93,-17.03,70.48,76,0,12.15,clear sky
52,Krasnyy Chikoy,RU,50.36,108.75,22.78,74,100,3.13,overcast clouds
53,Mataura,NZ,-46.19,168.86,65.48,39,84,9.84,broken clouds
54,Chokurdakh,RU,70.63,147.92,5.23,93,100,18.28,light snow
55,Pacific Grove,US,36.62,-121.92,58.33,75,40,6.91,scattered clouds
56,Saint George,US,37.10,-113.58,63.25,35,0,0.0,clear sky
57,Kaitangata,NZ,-46.28,169.85,66.29,42,19,8.16,few clouds
58,Katsuura,JP,35.13,140.30,63.14,60,100,5.68,light rain
59,Arraial Do Cabo,BR,-22.97,-42.03,69.33,67,13,6.11,few clouds
60,Banjar,ID,-8.19,114.97,84.94,70,53,0.58,broken clouds
61,Moree,AU,-29.47,149.85,74.79,44,47,9.08,scattered clouds
62,Tibati,CM,6.47,12.63,66.45,64,75,1.99,broken clouds
63,Barrow,US,71.29,-156.79,21.22,93,100,23.02,light snow
64,Kirakira,SB,-10.45,161.92,83.79,76,82,6.4,broken clouds
65,Comodoro Rivadavia,AR,-45.87,-67.50,66.06,37,0,3.44,clear sky
66,Port Blair,IN,11.67,92.75,81.57,74,70,12.24,broken clouds
67,Tuktoyaktuk,CA,69.45,-133.04,1.9,88,11,7.96,few clouds
68,Fortuna,US,40.60,-124.16,51.35,94,100,5.01,moderate rain
69,Norman Wells,CA,65.28,-126.83,8.26,89,93,7.52,overcast clouds
70,Buraydah,SA,26.33,43.98,61.41,66,6,7.76,clear sky
71,Pangnirtung,CA,66.15,-65.71,4.37,65,0,6.69,clear sky
72,Grindavik,IS,63.84,-22.43,37.87,70,0,2.3,clear sky
73,Saint-Philippe,RE,-21.36,55.77,71.19,83,47,9.51,scattered clouds
74,San Patricio,US,28.02,-97.52,78.91,87,4,10.94,clear sky
75,Saldanha,ZA,-33.01,17.94,62.51,91,100,6.91,overcast clouds
76,Jacareacanga,BR,-6.22,-57.75,77.36,73,71,2.01,broken clouds
77,East London,ZA,-33.02,27.91,66.56,80,100,17.87,overcast clouds
78,Provideniya,RU,64.38,-173.30,35.71,100,100,15.99,light rain
79,Badajoz,ES,38.67,-6.17,55.83,83,70,1.5,broken clouds
80,Ambovombe,MG,-25.17,46.08,71.19,87,99,2.71,overcast clouds
81,Colares,PT,38.80,-9.45,61.75,99,35,14.0,scattered clouds
82,Uige,AO,-7.61,15.06,66.54,99,100,1.57,overcast clouds
83,Rawlins,US,41.79,-107.24,31.89,69,100,5.75,overcast clouds
84,Qaanaaq,GL,77.48,-69.36,-1.35,92,100,6.96,overcast clouds
85,Mar Del Plata,AR,-38.00,-57.56,63.09,89,0,20.0,clear sky
86,Jalu,LY,29.03,21.55,62.6,48,0,8.46,clear sky
87,Faanui,PF,-16.48,-151.75,77.18,82,100,20.65,light rain
88,Castro,BR,-24.79,-50.01,49.15,96,0,5.55,clear sky
89,General Roca,AR,-39.03,-67.58,82.62,32,82,20.76,broken clouds
90,Alta Floresta,BR,-9.88,-56.09,77.59,61,42,1.97,scattered clouds
91,Khislavichi,RU,54.19,32.16,35.31,98,100,8.01,overcast clouds
92,Chuy,UY,-33.70,-53.46,58.42,86,0,9.19,clear sky
93,Bilma,NE,18.69,12.92,69.55,20,4,6.71,clear sky
94,Talnakh,RU,69.49,88.40,22.21,96,100,6.98,light snow
95,Alugan,PH,12.22,125.48,83.62,78,100,7.07,overcast clouds
96,Dingle,PH,11.00,122.67,83.52,78,96,7.96,moderate rain
97,Atuona,PF,-9.80,-139.03,77.04,68,86,11.14,overcast clouds
98,Coquimbo,CL,-29.95,-71.34,58.73,82,40,3.44,scattered clouds
99,Mount Pleasant,US,32.79,-79.86,73.0,92,40,3.44,mist
100,Ribeira Grande,PT,38.52,-28.70,65.77,78,100,17.0,overcast clouds
101,Camalu,MX,30.85,-116.07,63.7,75,3,7.05,clear sky
102,Kodiak,US,57.79,-152.41,35.11,48,0,3.44,clear sky
103,Samarai,PG,-10.62,150.67,84.09,72,100,7.52,overcast clouds
104,Jaru,BR,-10.44,-62.47,78.69,46,15,3.24,few clouds
105,Barranca,PE,-10.75,-77.77,62.4,83,13,7.25,few clouds
106,Puerto Escondido,MX,15.85,-97.07,83.23,61,75,5.75,broken clouds
107,Nanortalik,GL,60.14,-45.24,31.57,91,91,2.06,overcast clouds
108,Hilo,US,19.73,-155.09,80.33,78,40,8.05,scattered clouds
109,Barcelos,PT,41.54,-8.62,57.92,91,29,3.44,scattered clouds
110,Naze,JP,28.37,129.48,69.62,63,78,6.71,broken clouds
111,Hasaki,JP,35.73,140.83,63.28,53,100,9.64,overcast clouds
112,Kingaroy,AU,-26.53,151.83,73.15,40,22,8.81,few clouds
113,Port Hedland,AU,-20.32,118.57,77.05,57,40,19.57,scattered clouds
114,Tasiilaq,GL,65.61,-37.64,32.16,79,100,5.08,overcast clouds
115,Naryan-Mar,RU,67.67,53.09,27.1,91,100,12.46,overcast clouds
116,Beloha,MG,-25.17,45.05,70.61,82,100,2.8,overcast clouds
117,Rawson,AR,-43.30,-65.10,80.17,27,100,30.22,overcast clouds
118,Ponta Do Sol,PT,32.67,-17.10,68.72,86,26,1.36,scattered clouds
119,Carnarvon,AU,-24.87,113.63,68.49,64,84,14.76,broken clouds
120,Arroio Dos Ratos,BR,-30.08,-51.73,58.71,86,0,7.07,clear sky
121,Trinidad,BO,-14.83,-64.90,73.54,46,0,3.44,clear sky
122,Sur,OM,22.57,59.53,79.25,64,100,5.84,overcast clouds
123,Bejar,ES,40.39,-5.76,46.58,87,100,2.04,overcast clouds
124,Byron Bay,AU,-28.65,153.62,72.95,58,26,8.75,scattered clouds
125,Nhulunbuy,AU,-12.23,136.77,90.21,51,40,8.05,scattered clouds
126,Nanga Eboko,CM,4.68,12.37,66.81,86,100,1.14,overcast clouds
127,Kapaa,US,22.08,-159.32,82.38,77,40,13.8,scattered clouds
128,Tucuman,AR,-26.82,-65.22,82.4,28,100,8.05,overcast clouds
129,Rabo De Peixe,PT,37.80,-25.58,63.91,98,20,11.5,few clouds
130,Te Anau,NZ,-45.42,167.72,57.13,62,90,7.38,overcast clouds
131,Kimbe,PG,-5.55,150.14,88.11,63,93,5.88,light rain
132,Aranos,NA,-24.13,19.12,64.9,67,99,13.96,light rain
133,Kavieng,PG,-2.57,150.80,85.35,66,100,6.71,overcast clouds
134,New Norfolk,AU,-42.78,147.06,71.71,40,42,3.0,scattered clouds
135,Mehamn,NO,71.04,27.85,35.55,80,40,16.11,scattered clouds
136,Pevek,RU,69.70,170.31,16.95,84,100,16.84,overcast clouds
137,Narsaq,GL,60.92,-46.05,34.02,97,100,0.98,light snow
138,Airai,TL,-8.93,125.41,72.12,56,100,1.57,overcast clouds
139,Middletown,US,39.52,-84.40,63.68,52,0,9.22,clear sky
140,Yellowknife,CA,62.46,-114.35,-1.44,84,79,5.99,broken clouds
141,Centerville,US,39.63,-84.16,62.46,51,0,9.22,clear sky
142,Cabo San Lucas,MX,22.89,-109.91,78.06,71,20,12.66,few clouds
143,Gazi,GR,35.33,25.07,62.06,83,40,5.75,scattered clouds
144,Sao Filipe,CV,14.90,-24.50,78.17,68,0,3.18,clear sky
145,Labrea,BR,-7.26,-64.80,77.99,53,10,0.72,clear sky
146,Tuatapere,NZ,-46.13,167.68,61.86,54,60,9.4,broken clouds
147,Kahului,US,20.89,-156.47,89.62,59,20,23.02,few clouds
148,Bonavista,CA,48.65,-53.11,48.76,96,100,16.28,overcast clouds
149,Bohuslav,UA,49.55,30.87,41.86,75,100,8.75,overcast clouds
150,Cap Malheureux,MU,-19.98,57.61,69.48,76,15,1.99,few clouds
151,Sitka,US,57.05,-135.33,33.69,27,20,12.66,few clouds
152,Zalantun,CN,48.00,122.72,32.92,60,3,8.9,clear sky
153,Novoagansk,RU,61.94,76.66,16.77,97,96,3.04,overcast clouds
154,Atbasar,KZ,51.80,68.33,25.77,84,100,7.27,overcast clouds
155,Goundam,ML,16.41,-3.67,78.98,16,0,8.9,clear sky
156,Japura,ID,-0.32,102.35,74.88,93,100,2.28,overcast clouds
157,Mashhad,IR,36.30,59.61,50.14,66,75,13.8,broken clouds
158,Hami,CN,42.80,93.45,46.44,27,100,1.7,overcast clouds
159,Yaviza,PA,8.15,-77.69,74.3,98,100,0.65,overcast clouds
160,Avarua,CK,-21.21,-159.78,78.85,65,20,5.75,few clouds
161,Amazar,RU,53.86,120.88,18.21,72,17,2.51,few clouds
162,Nome,US,64.50,-165.41,32.07,86,100,14.97,overcast clouds
163,Alice Springs,AU,-23.70,133.88,87.35,8,13,11.5,few clouds
164,Komsomolskiy,UZ,40.43,71.72,48.92,87,100,2.3,fog
165,Vao,NC,-22.67,167.48,75.61,82,86,15.48,overcast clouds
166,Mattru,SL,7.62,-11.83,73.27,96,49,1.05,light rain
167,Osmena,PH,10.52,119.93,82.24,81,100,14.67,overcast clouds
168,Mwinilunga,ZM,-11.74,24.43,61.16,97,96,2.48,overcast clouds
169,Hermanus,ZA,-34.42,19.23,65.8,81,100,5.44,overcast clouds
170,Teknaf,BD,20.86,92.31,73.94,83,39,5.1,scattered clouds
171,Lagoa,PT,39.05,-27.98,64.49,78,100,27.58,overcast clouds
172,Bodden Town,KY,19.28,-81.25,82.4,74,20,6.91,few clouds
173,Longyearbyen,SJ,78.22,15.64,30.04,80,75,11.5,broken clouds
174,Touros,BR,-5.20,-35.46,78.57,73,68,13.33,broken clouds
175,Andros Town,BS,24.70,-77.77,80.56,70,0,24.27,clear sky
176,Mogadishu,SO,2.04,45.34,77.34,84,37,8.99,scattered clouds
177,Ishigaki,JP,24.34,124.16,77.13,69,75,17.27,broken clouds
178,Leningradskiy,RU,69.38,178.42,16.54,80,0,9.37,clear sky
179,Elat,IL,29.56,34.95,67.84,60,0,6.91,clear sky
180,Rio Branco,BR,-9.97,-67.81,74.01,73,0,2.3,clear sky
181,Carlisle,US,40.20,-77.19,71.24,83,11,8.95,few clouds
182,Beringovskiy,RU,63.05,179.32,30.45,97,100,2.24,overcast clouds
183,Georgetown,MY,5.41,100.34,82.24,83,40,9.22,light rain
184,Neiafu,TO,-18.65,-173.98,79.48,83,40,11.5,scattered clouds
185,Najran,SA,17.49,44.13,59.65,34,0,1.57,clear sky
186,Kisangani,CD,0.52,25.20,67.1,99,99,1.54,overcast clouds
187,Derzhavinsk,KZ,51.10,66.32,25.38,82,80,5.3,broken clouds
188,Tamandare,BR,-8.76,-35.10,75.92,89,87,3.74,overcast clouds
189,Samana,DO,19.21,-69.34,74.08,90,24,4.52,light rain
190,Novo Aripuana,BR,-5.12,-60.38,76.3,80,88,3.31,overcast clouds
191,Miramar,US,25.99,-80.23,81.0,82,75,16.11,broken clouds
192,Dakar,SN,14.69,-17.44,76.08,64,89,5.66,overcast clouds
193,Bereda,ES,43.27,-7.54,54.41,93,99,7.61,overcast clouds
194,Bluff,NZ,-46.60,168.33,65.8,64,90,20.76,light rain
195,Christchurch,NZ,-43.53,172.63,69.33,58,20,9.22,few clouds
196,Ola,RU,59.58,151.28,26.15,75,100,14.41,light snow
197,Tura,IN,25.52,90.22,65.86,87,0,2.91,clear sky
198,Marawi,PH,8.00,124.29,79.57,70,76,0.69,broken clouds
199,Nalut,LY,30.33,10.85,54.1,46,0,5.5,clear sky
200,Dinguiraye,GN,11.30,-10.72,72.9,56,99,1.23,overcast clouds
201,Codrington,AU,-38.27,141.97,70.3,62,10,3.53,clear sky
202,Nichinan,JP,31.60,131.37,65.88,68,99,6.38,overcast clouds
203,Msowero,TZ,-6.53,37.20,69.91,91,85,3.06,overcast clouds
204,Kaeo,NZ,-35.10,173.78,65.32,71,80,14.45,light rain
205,Bonthe,SL,7.53,-12.51,76.93,86,94,2.89,moderate rain
206,Osoyoos,CA,49.03,-119.45,34.21,100,100,1.14,overcast clouds
207,Sakakah,SA,29.97,40.21,60.37,44,95,6.51,overcast clouds
208,Lebu,CL,-37.62,-73.65,51.37,88,64,10.67,broken clouds
209,Shingu,JP,33.73,135.98,62.06,56,100,2.68,overcast clouds
210,Lompoc,US,34.64,-120.46,65.01,77,0,8.05,clear sky
211,Klyavlino,RU,54.26,52.03,14.67,98,77,2.48,broken clouds
212,Aktau,KZ,43.65,51.20,34.38,81,12,11.18,few clouds
213,Inta,RU,66.03,60.17,32.31,98,100,12.03,light snow
214,Vagur,FO,61.47,-6.81,49.44,86,98,17.85,light rain
215,West Wendover,US,40.74,-114.07,45.61,66,100,9.22,overcast clouds
216,Vardo,NO,70.37,31.11,31.98,93,100,8.05,overcast clouds
217,Kwekwe,ZW,-18.93,29.81,65.73,85,18,5.86,few clouds
218,Husavik,IS,66.04,-17.34,38.3,95,100,5.7,overcast clouds
219,Vestmannaeyjar,IS,63.44,-20.27,42.58,65,18,8.7,few clouds
220,Longhua,CN,23.61,114.19,67.06,89,92,2.68,light rain
221,Kutum,SD,14.20,24.67,66.65,28,2,7.16,clear sky
222,Whyalla,AU,-33.03,137.58,78.66,34,0,8.77,clear sky
223,Waipawa,NZ,-41.41,175.52,64.38,52,74,8.43,broken clouds
224,Victoria Point,AU,-27.58,153.30,80.44,51,2,8.01,clear sky
225,Yatou,CN,37.15,122.38,58.84,66,97,8.52,light rain
226,Saint-Joseph,RE,-21.37,55.62,68.38,82,39,8.52,scattered clouds
227,Laguna,US,38.42,-121.42,61.05,52,75,17.27,broken clouds
228,Namibe,AO,-15.20,12.15,67.98,66,0,5.68,clear sky
229,Kita,ML,13.03,-9.49,81.82,33,99,3.09,overcast clouds
230,Iqaluit,CA,63.75,-68.51,11.93,60,20,16.11,few clouds
231,Borovskoy,KZ,53.80,64.15,22.5,97,96,6.11,overcast clouds
232,Bethel,US,41.37,-73.41,68.09,83,40,10.36,scattered clouds
233,Kabugao,PH,18.02,121.18,81.3,80,56,2.1,broken clouds
234,General Pico,AR,-35.66,-63.76,68.09,33,98,9.33,overcast clouds
235,Makakilo City,US,21.35,-158.09,84.52,56,20,16.11,few clouds
236,Hoi An,VN,15.88,108.33,82.36,82,55,4.79,broken clouds
237,Okakarara,NA,-20.58,17.43,56.75,76,11,16.62,light rain
238,North Platte,US,41.12,-100.77,46.11,34,75,8.05,broken clouds
239,Hervey Bay,AU,-25.30,152.85,72.88,51,56,15.79,broken clouds
240,Port Lincoln,AU,-34.73,135.87,73.18,50,5,14.38,clear sky
241,Boromo,BF,11.75,-2.93,76.91,27,0,6.49,clear sky
242,Taldan,RU,53.67,124.80,18.01,78,21,1.7,few clouds
243,Radford,US,37.13,-80.58,67.66,93,75,4.0,broken clouds
244,Luderitz,NA,-26.65,15.16,60.42,91,100,2.26,overcast clouds
245,Pailon,BO,-17.65,-62.75,74.3,31,0,2.04,clear sky
246,Hambantota,LK,6.12,81.12,75.78,82,98,6.55,overcast clouds
247,Sabang,ID,5.89,95.32,79.95,79,97,6.78,overcast clouds
248,Paris,FR,48.85,2.35,54.37,92,100,12.66,overcast clouds
249,Alofi,NU,-19.06,-169.92,80.49,61,3,13.8,clear sky
250,Port Macquarie,AU,-31.43,152.92,69.89,63,70,9.22,broken clouds
251,Pecos,US,31.42,-103.49,74.86,23,0,5.75,clear sky
252,Sinnamary,GF,5.38,-52.95,78.35,86,100,7.09,overcast clouds
253,Haines Junction,CA,60.75,-137.51,8.55,61,0,2.3,clear sky
254,Cooma,AU,-36.23,149.13,65.71,60,70,3.8,broken clouds
255,Panjakent,TJ,39.50,67.61,50.02,53,100,6.13,overcast clouds
256,Hobyo,SO,5.35,48.53,78.89,78,38,5.53,scattered clouds
257,Pustoshka,RU,56.34,29.37,37.31,97,100,3.91,overcast clouds
258,Nieuwpoort,BE,51.12,2.77,54.01,90,75,16.11,light rain
259,Berezovyy,RU,51.67,135.70,27.7,46,99,8.28,overcast clouds
260,Okhotsk,RU,59.38,143.30,11.07,59,66,6.38,broken clouds
261,Bandundu,CD,-3.32,17.37,70.9,93,100,2.77,overcast clouds
262,Salalah,OM,17.02,54.09,77.09,73,0,4.61,clear sky
263,Meadow Lake,US,34.80,-106.54,60.8,29,7,5.91,clear sky
264,La Ronge,CA,55.10,-105.28,14.25,73,100,14.97,light snow
265,Den Helder,NL,52.96,4.76,57.18,74,75,28.99,broken clouds
266,Atar,MR,20.52,-13.05,77.59,15,99,5.44,overcast clouds
267,Lavrentiya,RU,65.58,-171.00,33.8,99,100,9.44,overcast clouds
268,Arani,IN,12.67,79.28,70.52,86,88,5.7,overcast clouds
269,Baherden,TM,38.44,57.43,48.96,66,67,11.97,broken clouds
270,Hofn,IS,64.25,-15.21,40.06,93,100,16.28,overcast clouds
271,Mount Gambier,AU,-37.83,140.77,74.86,43,5,3.74,clear sky
272,Sorata,BO,-15.77,-68.63,41.4,84,82,6.6,broken clouds
273,Noumea,NC,-22.28,166.46,82.0,99,65,15.86,broken clouds
274,Eirunepe,BR,-6.66,-69.87,74.21,54,38,1.59,scattered clouds
275,Adre,TD,13.47,22.20,72.12,23,9,7.78,clear sky
276,San Ramon,US,37.78,-121.98,57.96,67,100,9.22,overcast clouds
277,Dryden,CA,49.78,-92.75,30.49,93,100,4.61,overcast clouds
278,Bella Union,UY,-30.28,-57.60,63.27,52,0,9.44,clear sky
279,Sorland,NO,67.67,12.69,42.66,64,4,21.47,clear sky
280,Paamiut,GL,61.99,-49.67,17.64,81,14,10.78,few clouds
281,Homer,US,59.64,-151.55,30.07,52,0,4.61,clear sky
282,Ostrovnoy,RU,68.05,39.51,32.65,96,100,16.35,snow
283,Houma,US,29.60,-90.72,77.0,91,40,6.91,scattered clouds
284,Klaksvik,FO,62.23,-6.59,47.32,91,100,26.69,moderate rain
285,Egvekinot,RU,66.32,-179.17,19.6,100,81,2.19,broken clouds
286,Tainan,TW,22.99,120.21,78.87,73,75,8.05,broken clouds
287,Le Port,RE,-20.94,55.29,71.56,80,52,3.06,broken clouds
288,Barabai,ID,-2.58,115.38,78.93,90,99,1.52,overcast clouds
289,Balashov,RU,51.55,43.17,30.9,81,33,4.65,scattered clouds
290,Nelson Bay,AU,-32.72,152.15,73.11,63,8,13.0,clear sky
291,Nishihara,JP,26.18,127.76,74.86,73,75,24.61,broken clouds
292,Lasa,IT,46.62,10.70,36.36,52,72,2.75,broken clouds
293,Magaria,NE,13.00,8.91,70.66,20,100,8.12,overcast clouds
294,Maltahohe,NA,-24.83,16.98,59.32,75,100,11.79,light rain
295,Sorong,ID,-0.88,131.25,82.31,77,100,0.78,overcast clouds
296,Vostok,RU,46.49,135.88,33.01,45,12,3.56,few clouds
297,La Raya De Santa Maria,PA,8.17,-80.82,77.22,93,100,6.15,overcast clouds
298,Slave Lake,CA,55.28,-114.77,10.38,61,100,6.91,light snow
299,Kropotkin,RU,45.44,40.58,37.49,75,5,15.64,clear sky
300,Gizo,SB,-8.10,156.84,83.55,71,100,3.27,light rain
301,Esperance,AU,-33.87,121.90,61.43,83,100,19.19,moderate rain
302,Alihe,CN,50.57,123.72,25.23,72,8,3.94,clear sky
303,Gisors,FR,49.28,1.78,54.59,89,100,16.6,overcast clouds
304,Villefontaine,FR,45.61,5.15,53.11,81,0,3.44,clear sky
305,Charters Towers,AU,-20.10,146.27,83.23,38,33,9.66,scattered clouds
306,Bon Accord,CA,53.83,-113.42,8.01,88,95,5.23,overcast clouds
307,Kloulklubed,PW,7.04,134.26,81.1,72,31,3.02,scattered clouds
308,Sungaipenuh,ID,-2.08,101.38,69.08,86,100,0.45,overcast clouds
309,San Jeronimo,PE,-11.95,-75.28,47.12,86,100,1.9,overcast clouds
310,Honningsvag,NO,70.98,25.97,38.95,81,75,19.57,light rain
311,Saint-Georges,GD,12.06,-61.75,82.08,83,20,12.66,few clouds
312,Hoogeveen,NL,52.68,6.58,53.08,87,100,19.6,overcast clouds
313,Wewak,PG,-3.55,143.63,86.14,66,45,1.54,scattered clouds
314,Warmbad,NA,-28.45,18.73,73.08,36,47,1.99,scattered clouds
315,Tilichiki,RU,60.47,166.10,24.06,92,42,6.78,scattered clouds
316,Araouane,ML,18.90,-3.53,75.29,17,0,9.4,clear sky
317,Novyy Urengoy,RU,66.08,76.63,16.09,95,97,6.29,overcast clouds
318,Brae,GB,60.40,-1.35,50.0,82,93,16.75,overcast clouds
319,Margate,GB,51.38,1.39,54.9,88,49,5.99,scattered clouds
320,Hamilton,US,39.18,-84.53,63.73,53,0,5.75,clear sky
321,Lalmohan,BD,22.34,90.74,72.34,74,0,5.5,clear sky
322,Granard,IE,53.77,-7.50,46.53,88,100,12.71,light rain
323,Vaitape,PF,-16.52,-151.75,77.11,82,100,20.58,light rain
324,Dawson,US,31.77,-84.45,74.62,70,52,8.16,broken clouds
325,Puerto Suarez,BO,-18.95,-57.80,74.71,32,4,1.86,clear sky
326,Clyde River,CA,70.47,-68.59,-0.17,60,0,6.91,clear sky
327,Yerbogachen,RU,61.28,108.01,12.38,99,100,3.58,overcast clouds
328,Yar-Sale,RU,66.83,70.83,25.66,97,100,4.85,overcast clouds
329,Taoudenni,ML,22.68,-3.98,76.28,14,75,9.8,broken clouds
330,Kalas,IN,18.17,74.80,66.22,56,23,4.29,few clouds
331,Apostolove,UA,47.66,33.71,37.85,81,99,8.14,overcast clouds
332,Chase,CA,50.82,-119.69,33.33,95,100,4.72,overcast clouds
333,Pathein,MM,16.78,94.73,74.07,84,97,4.83,overcast clouds
334,Yarkovo,RU,57.40,67.08,18.18,94,98,4.03,overcast clouds
335,Along,IN,28.17,94.77,60.22,75,6,1.36,clear sky
336,Xining,CN,36.62,101.77,37.98,58,100,0.27,overcast clouds
337,Nikolskoye,RU,59.70,30.79,40.91,94,99,8.93,overcast clouds
338,Khromtau,KZ,50.25,58.43,20.12,91,100,8.5,overcast clouds
339,Phan Thiet,VN,10.93,108.10,79.52,76,81,1.88,broken clouds
340,Rio Gallegos,AR,-51.62,-69.22,59.05,51,0,6.91,clear sky
341,Vilaka,LV,57.18,27.67,38.1,94,100,7.49,overcast clouds
342,Bathsheba,BB,13.22,-59.52,81.21,83,20,18.41,few clouds
343,Mahebourg,MU,-20.41,57.70,71.89,83,40,3.44,scattered clouds
344,Bauru,BR,-22.31,-49.06,65.34,68,0,11.5,clear sky
345,Nyurba,RU,63.28,118.33,-17.84,99,6,1.77,clear sky
346,Pangai,TO,-19.80,-174.35,80.71,57,20,11.5,few clouds
347,Kuusamo,FI,65.97,29.18,33.84,100,100,3.44,light intensity drizzle
348,Beya,RU,53.05,90.91,33.37,65,100,12.46,overcast clouds
349,Pa Daet,TH,19.50,99.99,72.34,76,0,1.32,clear sky
350,Almaznyy,RU,48.04,40.05,30.76,84,16,5.41,few clouds
351,Svetlogorsk,BY,52.63,29.73,41.9,91,100,7.09,overcast clouds
352,Souillac,MU,-20.52,57.52,71.98,83,40,3.44,scattered clouds
353,Stribro,CZ,49.75,13.00,47.25,80,100,7.29,overcast clouds
354,Kushchevskaya,RU,46.56,39.64,34.12,75,6,11.61,clear sky
355,Disna,BY,55.57,28.20,42.1,86,100,5.48,overcast clouds
356,Kharan,PK,28.58,65.42,65.7,57,19,2.73,few clouds
357,Sokoni,TZ,-6.43,39.55,77.65,83,4,7.23,clear sky
358,San Felipe,VE,10.34,-68.74,71.65,95,100,2.28,overcast clouds
359,Boyolangu,ID,-8.12,111.89,80.44,81,87,3.94,overcast clouds
360,Isla Mujeres,MX,21.23,-86.73,78.17,72,13,10.8,few clouds
361,Manaure,CO,11.78,-72.44,80.55,75,100,8.21,overcast clouds
362,Mogzon,RU,51.74,111.96,20.48,84,100,2.91,overcast clouds
363,Half Moon Bay,US,37.46,-122.43,60.62,73,100,9.22,haze
364,Son La,VN,21.32,103.90,63.9,80,1,2.35,clear sky
365,Udachnyy,RU,66.42,112.40,-20.56,100,96,3.8,overcast clouds
366,Porto Belo,BR,-27.16,-48.55,64.35,83,8,10.45,clear sky
367,Dmitriyevka,RU,54.75,55.33,29.75,95,29,5.28,scattered clouds
368,Heihe,CN,50.24,127.49,28.98,43,0,5.55,clear sky
369,Bandarbeyla,SO,9.49,50.81,77.31,81,4,5.59,clear sky
370,Luba,GQ,3.46,8.55,78.69,83,100,4.14,light rain
371,Puerto Carreno,CO,6.19,-67.49,79.92,72,12,3.4,few clouds
372,Puerto Ayacucho,VE,5.66,-67.62,79.29,75,79,1.39,broken clouds
373,Marystown,CA,47.17,-55.15,54.28,93,100,14.32,overcast clouds
374,Chatham,GB,51.38,0.53,54.07,69,100,5.99,overcast clouds
375,Ploemeur,FR,47.73,-3.43,60.62,82,100,19.57,overcast clouds
376,Servia,GR,40.18,21.99,54.37,87,100,4.61,overcast clouds
377,Bilibino,RU,68.05,166.44,2.82,95,52,3.62,broken clouds
378,Dalvik,IS,65.97,-18.53,37.33,86,29,3.4,scattered clouds
379,Teguise,ES,29.06,-13.56,64.62,88,20,9.22,few clouds
380,Pamanukan,ID,-6.28,107.81,82.53,73,100,4.88,overcast clouds
381,Nynashamn,SE,58.90,17.95,48.11,94,100,15.17,overcast clouds
382,Petropavlovsk-Kamchatskiy,RU,53.05,158.65,34.39,93,75,2.24,light snow
383,Yeppoon,AU,-23.13,150.73,78.58,61,11,15.75,few clouds
384,Etah,IN,27.63,78.67,70.77,66,100,3.31,overcast clouds
385,Kruisfontein,ZA,-34.00,24.73,64.89,88,98,5.06,overcast clouds
386,Antalaha,MG,-14.90,50.28,71.1,85,7,4.0,clear sky
387,Gondar,ET,12.60,37.47,55.83,51,42,4.23,scattered clouds
388,Anadyr,RU,64.75,177.48,32.5,74,0,8.95,clear sky
389,Ugoofaaru,MV,5.67,73.00,80.4,75,84,4.9,broken clouds
390,Gamba,GA,-2.65,10.00,73.89,92,100,4.21,light rain
391,Victoria,HK,22.29,114.16,72.25,89,95,5.01,overcast clouds
392,Broome,US,42.25,-75.83,69.19,85,40,13.0,scattered clouds
393,Kuching,MY,1.55,110.33,83.12,94,20,2.3,light intensity shower rain
394,Pochutla,MX,15.74,-96.47,80.42,89,20,2.66,light rain
395,Kavaratti,IN,10.57,72.64,80.44,76,2,3.27,clear sky
396,Wajid,SO,3.81,43.25,72.0,87,73,12.73,broken clouds
397,Chenzhou,CN,25.80,113.03,68.99,75,0,1.16,clear sky
398,Moramanga,MG,-18.93,48.20,59.07,96,88,1.28,overcast clouds
399,Adrar,MR,20.50,-10.07,74.84,15,100,6.87,overcast clouds
400,Suamico,US,44.63,-88.04,52.18,34,0,12.66,clear sky
401,Nusaybin,TR,37.08,41.22,58.64,37,0,1.68,clear sky
402,San Quintin,MX,30.48,-115.95,63.84,78,25,8.99,scattered clouds
403,Krapkowice,PL,50.48,17.97,47.48,87,100,11.03,overcast clouds
404,Biak,ID,-0.91,122.88,83.32,67,100,4.54,overcast clouds
405,Limoeiro Do Ajuru,BR,-1.90,-49.38,77.09,87,99,3.06,overcast clouds
406,New Bern,US,35.11,-77.04,68.02,68,0,0.0,clear sky
407,Veraval,IN,20.90,70.37,77.22,54,5,6.11,clear sky
408,Antofagasta,CL,-23.65,-70.40,60.08,82,61,5.79,broken clouds
409,Do Gonbadan,IR,30.36,50.80,57.29,62,0,0.0,clear sky
410,Merauke,ID,-8.47,140.33,85.42,66,42,2.28,scattered clouds
411,Takoradi,GH,4.88,-1.76,77.52,86,33,5.28,scattered clouds
412,Faya,SA,18.39,42.45,53.71,89,4,3.13,clear sky
413,Simi,SL,9.57,-12.35,73.83,94,40,2.55,scattered clouds
414,Cayenne,GF,4.93,-52.33,77.04,100,100,3.44,heavy intensity rain
415,Verkhnyaya Inta,RU,65.98,60.31,32.13,98,100,10.83,light snow
416,Lypova Dolyna,UA,50.56,33.80,36.66,77,100,7.56,overcast clouds
417,Aklavik,CA,68.22,-135.01,-5.26,89,4,6.98,clear sky
418,Suixi,CN,33.89,116.77,62.6,37,0,1.63,clear sky
419,Yumen,CN,40.28,97.20,32.47,42,8,9.78,clear sky
420,Viedma,AR,-40.81,-63.00,67.26,51,6,15.3,clear sky
421,San Cristobal,VE,7.77,-72.22,75.38,99,100,2.08,overcast clouds
422,Arman,RU,59.70,150.17,26.02,72,100,13.31,light snow
423,Turukhansk,RU,65.82,87.98,17.49,96,100,6.06,overcast clouds
424,Caxito,AO,-8.58,13.66,76.53,88,98,2.19,light rain
425,Ahipara,NZ,-35.17,173.17,66.6,56,83,11.88,light rain
426,Ambon,ID,-3.70,128.18,87.94,66,20,4.61,few clouds
427,Qandala,SO,11.47,49.87,77.97,79,0,0.94,clear sky
428,Huambo,AO,-12.78,15.74,60.64,86,83,1.52,broken clouds
429,Lucapa,AO,-8.42,20.74,64.78,98,100,1.99,overcast clouds
430,Goya,AR,-29.14,-59.26,72.28,39,100,10.38,overcast clouds
431,West Odessa,US,31.84,-102.50,69.98,27,0,4.61,clear sky
432,Abong Mbang,CM,3.98,13.18,67.14,83,100,0.92,overcast clouds
433,Astoria,US,46.19,-123.83,42.85,92,100,3.44,light rain
434,Cassino,IT,41.49,13.83,56.52,88,0,1.99,clear sky
435,Flin Flon,CA,54.77,-101.86,13.68,90,100,13.58,overcast clouds
436,Volary,CZ,48.91,13.89,42.04,88,100,5.46,light rain
437,Ryotsu,JP,38.08,138.43,58.82,64,99,7.9,overcast clouds
438,Kidodi,TZ,-7.60,37.00,72.23,88,86,2.57,overcast clouds
439,Kargat,RU,55.20,80.28,27.16,93,99,7.63,overcast clouds
440,Iwaki,JP,37.05,140.88,64.02,60,100,1.01,overcast clouds
441,Ayr,GB,55.46,-4.63,51.51,87,75,10.36,broken clouds
442,Elesbao Veloso,BR,-6.20,-42.14,75.18,87,100,2.68,overcast clouds
443,Mocuba,MZ,-16.84,36.99,75.06,77,100,3.29,overcast clouds
444,Dera Ghazi Khan,PK,30.06,70.63,66.61,61,60,10.47,broken clouds
445,Wakefield,GB,53.68,-1.50,49.62,86,89,12.82,overcast clouds
446,Saint-Pierre,RE,-21.34,55.48,69.48,68,0,3.44,clear sky
447,Tocopilla,CL,-22.09,-70.20,63.99,71,38,7.72,scattered clouds
448,Dunedin,NZ,-45.87,170.50,62.8,60,24,5.01,few clouds
449,Skibotn,NO,69.39,20.27,26.91,92,85,5.21,overcast clouds
450,Muncar,ID,-8.43,114.33,81.16,80,76,3.42,broken clouds
451,Dharchula,IN,29.85,80.53,56.1,41,100,6.53,overcast clouds
452,Bontang,ID,0.13,117.50,79.99,85,95,6.89,light rain
453,Durant,US,33.99,-96.37,66.04,64,0,0.0,clear sky
454,Dutse,NG,11.76,9.34,70.48,21,67,6.76,broken clouds
455,Emilio Carranza,MX,19.97,-96.61,76.91,87,10,2.26,clear sky
456,Asau,RO,46.43,26.40,50.92,93,95,2.95,overcast clouds
457,Balikpapan,ID,-1.27,116.83,77.99,100,40,3.44,light rain
458,Shimoda,JP,34.67,138.95,58.1,86,100,10.16,light rain
459,Vila Velha,BR,-20.33,-40.29,69.94,89,75,4.61,broken clouds
460,Lamu,KE,-2.27,40.90,77.22,88,5,9.01,light rain
461,Northam,GB,51.03,-4.22,53.62,94,100,19.75,overcast clouds
462,Solnechnyy,RU,50.72,136.63,28.83,38,98,4.38,overcast clouds
463,Vernon,CA,50.26,-119.27,36.93,72,100,8.05,overcast clouds
464,Mount Isa,AU,-20.73,139.50,87.57,37,0,12.66,clear sky
465,Isla Del Bosque,MX,22.73,-105.85,73.09,77,0,7.36,clear sky
466,Ambanja,MG,-13.68,48.45,72.82,88,0,1.81,clear sky
467,Peniche,PT,39.36,-9.38,57.29,96,100,1.41,overcast clouds
468,Mucuri,BR,-18.09,-39.55,72.68,68,100,10.65,overcast clouds
469,Alta Gracia,AR,-31.65,-64.43,71.89,32,44,5.32,scattered clouds
470,Sola,VU,-13.88,167.55,81.27,83,13,0.0,few clouds
471,Kamnik,SI,46.23,14.61,42.55,94,75,1.14,broken clouds
472,Talara,PE,-4.58,-81.27,63.36,82,0,11.5,clear sky
473,Povenets,RU,62.85,34.83,38.26,96,100,11.97,overcast clouds
474,Cardston,CA,49.20,-113.30,10.69,85,100,8.05,overcast clouds
475,Matara,LK,5.95,80.54,75.7,88,41,2.19,scattered clouds
476,Sahaspur,IN,29.13,78.62,65.93,72,100,1.68,overcast clouds
477,Karratha,AU,-20.74,116.85,73.72,45,10,15.82,clear sky
478,Kandrian,PG,-6.22,149.55,85.71,68,100,5.55,light rain
479,Carhuamayo,PE,-10.92,-76.03,36.82,86,84,3.47,broken clouds
480,Inirida,CO,3.87,-67.92,78.84,75,100,2.21,overcast clouds
481,Jiexiu,CN,37.02,111.91,49.3,30,0,3.22,clear sky
482,Zhanjiang,CN,21.28,110.34,70.99,83,93,7.18,overcast clouds
483,Srednekolymsk,RU,67.45,153.68,-12.5,99,31,2.68,scattered clouds
484,Hay River,CA,60.82,-115.80,10.38,72,75,17.27,light snow
485,Sinegorye,RU,62.08,150.48,3.29,94,82,2.55,broken clouds
486,Mugur-Aksy,RU,50.35,90.50,16.99,88,29,6.64,scattered clouds
487,Camacha,PT,33.08,-16.33,63.82,82,40,3.44,scattered clouds
488,Honiara,SB,-9.43,159.95,85.93,68,98,6.98,overcast clouds
489,Collie,AU,-33.37,116.15,60.33,74,95,8.19,overcast clouds
490,Harper,LR,4.38,-7.72,76.91,87,18,4.85,few clouds
491,Ketchikan,US,55.34,-131.65,30.67,37,0,10.36,clear sky
492,Vanavara,RU,60.34,102.28,20.75,97,100,2.82,overcast clouds
493,Roma,US,43.21,-75.46,70.52,73,75,10.36,broken clouds
494,Wagar,SD,16.15,36.20,78.08,70,1,9.64,clear sky
495,Alyangula,AU,-13.85,136.42,86.31,63,16,7.29,few clouds
496,Kollam,IN,8.88,76.60,75.52,90,100,5.97,overcast clouds
497,Emporia,US,38.40,-96.18,52.0,58,0,8.05,clear sky
498,Lata,PT,40.16,-8.33,54.07,96,100,1.97,overcast clouds
499,Riberalta,BO,-10.98,-66.10,77.72,40,91,2.08,overcast clouds
500,Chernyshevskiy,RU,63.01,112.47,9.52,95,100,3.18,overcast clouds
501,Ponnampet,IN,12.15,75.93,62.19,98,82,3.33,broken clouds
502,Chifeng,CN,42.27,118.96,39.18,30,0,4.09,clear sky
503,Sakaiminato,JP,35.55,133.23,58.93,88,20,4.61,few clouds
504,Carlagan,PH,14.97,122.05,80.55,85,100,9.13,light rain
505,Adrasmon,TJ,40.65,69.99,43.0,66,100,6.06,overcast clouds
506,Pegnitz,DE,49.76,11.54,45.25,80,100,5.35,overcast clouds
507,Hue,VN,16.47,107.60,77.11,83,40,8.05,scattered clouds
508,Vila,PT,42.03,-8.16,47.28,92,4,4.92,clear sky
509,Santa Maria,BR,-29.68,-53.81,63.7,68,0,16.11,clear sky
510,Mogwase,ZA,-25.18,27.27,69.35,73,100,1.68,overcast clouds
511,Cookeville,US,36.16,-85.50,67.64,98,100,0.0,fog
512,Ampanihy,MG,-24.70,44.75,69.96,82,87,4.32,overcast clouds
513,Vaasa,FI,63.10,21.62,44.62,100,75,3.44,broken clouds
514,Bagua Grande,PE,-5.76,-78.44,76.59,73,14,3.0,few clouds
515,Cockburn Town,TC,21.46,-71.14,75.81,86,100,15.5,light rain
516,Kichera,RU,55.94,110.10,26.76,92,100,0.38,light snow
517,Tautira,PF,-17.73,-149.15,76.1,86,100,22.91,light rain
518,Deputatskiy,RU,69.30,139.90,-2.6,87,100,17.92,overcast clouds
519,Diego De Almagro,CL,-26.37,-70.05,62.35,50,1,2.3,clear sky
520,Pietersburg,ZA,-23.90,29.47,63.45,94,89,10.36,overcast clouds
521,Port Keats,AU,-14.25,129.55,90.0,57,44,7.87,scattered clouds
522,Evensk,RU,61.95,159.23,28.69,94,100,5.12,light snow
523,Sechelt,CA,49.47,-123.77,41.07,93,100,6.46,overcast clouds
524,Natal,BR,-5.79,-35.21,79.45,73,75,11.5,broken clouds
525,Taseyevo,RU,57.22,94.90,28.83,73,92,10.8,overcast clouds
526,Riyadh,SA,24.69,46.72,66.34,32,23,4.47,few clouds
527,Morant Bay,JM,17.88,-76.41,80.22,76,0,4.45,clear sky
528,Taltal,CL,-25.40,-70.48,61.74,77,10,4.21,clear sky
529,Brenham,US,30.17,-96.40,78.71,73,0,0.0,clear sky
530,Akot,IN,21.10,77.06,69.44,57,100,3.0,overcast clouds
531,Huarmey,PE,-10.07,-78.15,64.08,83,33,8.01,scattered clouds
532,Ilula,TZ,-7.68,36.04,63.77,79,97,4.68,overcast clouds
533,Valparaiso,CL,-33.04,-71.63,56.84,82,0,4.61,clear sky
534,Kralendijk,BQ,12.15,-68.27,80.58,89,0,4.61,clear sky
535,Ulladulla,AU,-35.35,150.47,70.47,58,94,11.5,overcast clouds
536,Inongo,CD,-1.95,18.27,70.12,96,100,3.56,overcast clouds
537,Capao Da Canoa,BR,-29.75,-50.01,62.51,82,10,10.42,clear sky
538,Yanam,IN,16.73,82.22,70.3,87,64,4.23,broken clouds
539,Malatya,TR,38.50,38.00,37.45,65,0,5.75,clear sky
540,Port Hawkesbury,CA,45.62,-61.35,65.8,85,0,14.97,clear sky
541,Ada,US,43.42,-116.13,46.81,62,20,19.57,few clouds
542,Oistins,BB,13.07,-59.53,80.69,83,20,18.41,few clouds
543,Batemans Bay,AU,-35.72,150.18,70.11,57,100,8.75,overcast clouds
544,Vredendal,ZA,-31.67,18.50,63.43,86,100,7.14,overcast clouds
545,Georgiyevka,KZ,43.04,74.71,41.04,93,75,4.47,mist
546,Sambava,MG,-14.27,50.17,71.28,89,4,6.31,clear sky
547,Bemidji,US,47.47,-94.88,30.9,88,100,24.16,overcast clouds
548,Luganville,VU,-15.53,167.17,84.02,71,24,8.68,few clouds
549,Axim,GH,4.87,-2.24,77.0,87,35,3.91,scattered clouds
550,Oranjestad,AW,12.52,-70.03,76.95,96,40,5.75,scattered clouds
551,Kununurra,AU,-15.77,128.73,94.98,41,22,4.61,few clouds
552,Balykshi,KZ,47.07,51.87,35.6,87,75,8.95,mist
553,Kojori,GE,41.66,44.70,35.1,89,100,4.59,light snow
554,Katherine,AU,-14.47,132.27,93.52,46,75,8.05,broken clouds
555,Muslyumovo,RU,55.30,53.19,20.93,93,40,5.14,scattered clouds
556,Kuytun,RU,54.34,101.50,28.15,87,100,2.91,overcast clouds
557,Torbay,CA,47.67,-52.73,54.75,97,100,13.8,mist
558,Bonfim,BR,3.08,-59.95,80.6,77,100,2.48,overcast clouds
559,Lewisporte,CA,49.25,-55.05,58.71,82,100,11.77,overcast clouds
560,Salinas,US,36.68,-121.66,58.57,64,40,6.91,scattered clouds
561,Ixtapa,MX,20.70,-105.20,78.03,73,40,4.61,scattered clouds
562,Sept-Iles,CA,50.20,-66.38,45.12,98,100,2.3,fog
563,Catia La Mar,VE,10.60,-67.03,79.0,83,40,2.3,scattered clouds
564,Komsomolets,KZ,53.75,62.07,22.44,91,93,6.46,overcast clouds
565,Linkuva,LT,56.09,23.97,39.87,90,78,10.11,broken clouds
566,Zhigansk,RU,66.77,123.37,-18.4,97,100,2.62,overcast clouds
567,Bataszek,HU,46.19,18.72,49.41,86,97,1.88,overcast clouds
568,Pandan,PH,14.05,124.17,80.92,86,100,9.8,heavy intensity rain
569,Fairbanks,US,64.84,-147.72,7.92,84,20,0.0,few clouds
570,Los Llanos De Aridane,ES,28.66,-17.92,67.75,87,100,8.05,overcast clouds
571,Tarko-Sale,RU,64.92,77.78,11.03,97,99,4.9,overcast clouds
572,Banda Aceh,ID,5.56,95.32,79.61,75,64,3.98,broken clouds
573,Tigzirt,DZ,36.89,4.12,64.74,37,0,3.71,clear sky
574,Puerto Madryn,AR,-42.77,-65.04,73.33,37,100,21.21,overcast clouds
575,Ancud,CL,-41.87,-73.82,49.39,86,9,4.52,clear sky
576,Goderich,CA,43.75,-81.72,57.9,58,92,16.11,overcast clouds
577,Swellendam,ZA,-34.02,20.44,68.94,72,100,2.82,overcast clouds
578,Bumba,CD,2.18,22.47,69.76,98,100,1.07,light rain
579,Itarema,BR,-2.92,-39.92,78.42,80,63,10.65,broken clouds
580,Portarlington,IE,53.16,-7.19,49.28,91,100,11.01,light rain
581,Wake Forest,US,35.98,-78.51,70.14,86,0,0.0,clear sky
582,Kaunas,LT,54.90,23.90,41.18,93,100,4.61,mist
583,Yakeshi,CN,49.28,120.73,18.72,89,20,5.28,few clouds
584,Midland,US,32.00,-102.08,72.48,26,0,4.61,clear sky
585,Launceston,AU,-41.45,147.17,74.61,52,28,11.5,scattered clouds
586,Gurupi,BR,-11.73,-49.07,77.07,65,98,2.73,overcast clouds
587,Cerignola,IT,41.26,15.90,51.03,80,0,7.25,clear sky
588,Uyuni,BO,-20.46,-66.83,47.86,43,1,24.07,clear sky
589,Tommot,RU,58.96,126.29,4.35,92,90,3.65,overcast clouds
590,Abu Dhabi,AE,24.47,54.37,78.82,73,0,2.3,clear sky
591,Qasigiannguit,GL,68.82,-51.19,-1.08,95,22,6.51,few clouds
592,Buzmeyin,TM,38.05,58.21,49.73,81,100,9.22,overcast clouds
593,Am Timan,TD,11.03,20.28,76.5,32,8,3.4,clear sky
594,Fort Nelson,CA,58.81,-122.70,0.99,89,75,3.44,light snow
595,Townsville,AU,-19.25,146.80,86.88,51,20,18.41,few clouds
596,Tiznit,MA,29.58,-9.50,66.56,41,0,1.72,clear sky
597,Naberera,TZ,-4.20,36.93,62.78,86,80,6.58,broken clouds
598,Akyab,MM,20.15,92.90,74.82,85,3,7.38,clear sky
599,Isangel,VU,-19.55,169.27,84.31,79,18,5.75,few clouds
600,High Level,CA,58.52,-117.14,3.31,85,40,3.44,scattered clouds
601,Jurmala,LV,56.97,23.77,41.99,93,20,9.22,few clouds
602,Lakes Entrance,AU,-37.88,147.98,75.16,58,39,8.46,scattered clouds
603,Lorengau,PG,-2.02,147.27,84.49,74,79,6.49,broken clouds
604,Ankara,TR,39.92,32.85,55.2,58,0,2.3,clear sky
605,Rock Sound,BS,24.90,-76.20,81.19,71,0,26.17,clear sky
606,Sebinkarahisar,TR,40.29,38.42,43.07,56,26,3.47,scattered clouds
607,The Valley,AI,18.22,-63.06,81.1,80,100,20.83,overcast clouds
608,Breves,BR,-1.68,-50.48,74.61,95,100,3.71,overcast clouds
609,Normandin,CA,48.83,-72.53,61.11,47,100,8.05,overcast clouds
610,Severnyy,RU,50.68,36.55,32.04,86,75,6.71,broken clouds
611,Yaan,NG,7.38,8.57,72.54,47,99,3.85,overcast clouds
612,Tezu,IN,27.92,96.17,64.92,55,0,3.2,clear sky
613,Ankola,IN,14.67,74.30,76.15,70,5,6.98,clear sky
614,Shunyi,CN,40.12,116.65,53.55,35,0,6.71,clear sky
615,Bambanglipuro,ID,-7.95,110.28,81.48,77,100,4.12,overcast clouds
616,Kommunisticheskiy,RU,61.68,64.48,15.12,98,73,3.4,broken clouds
617,Pasni,PK,25.26,63.47,77.86,77,4,7.18,clear sky
618,Sundsvall,SE,62.39,17.31,42.96,99,100,0.0,light intensity drizzle
619,Micheweni,TZ,-4.97,39.83,76.01,87,11,5.48,light rain
620,Vila Franca Do Campo,PT,37.72,-25.43,64.81,78,100,11.36,overcast clouds
621,Mazara Del Vallo,IT,37.66,12.59,67.95,63,0,11.59,clear sky
622,Filingue,NE,14.35,3.32,74.73,15,0,9.66,clear sky
623,Ushtobe,KZ,45.25,77.98,44.71,88,99,7.83,overcast clouds
624,Ballina,AU,-28.87,153.57,74.79,60,20,8.88,few clouds
625,Xapuri,BR,-10.65,-68.50,77.43,40,6,2.17,clear sky
626,Takaka,NZ,-40.85,172.80,65.55,44,22,11.61,few clouds
627,Ratnagiri,IN,16.98,73.30,74.86,50,46,8.12,scattered clouds
628,Sisimiut,GL,66.94,-53.67,15.58,80,40,9.71,scattered clouds
629,Ponnani,IN,10.77,75.93,72.72,90,55,6.69,broken clouds
630,Saquena,PE,-4.67,-73.52,76.57,74,100,3.02,overcast clouds
631,Shakhtinsk,KZ,49.71,72.59,27.55,83,100,2.46,overcast clouds
632,Walvis Bay,NA,-22.96,14.51,70.75,68,92,13.8,overcast clouds
633,Ha Tinh,VN,18.33,105.90,70.41,85,79,5.21,broken clouds
634,Tikapur,NP,28.50,81.13,64.94,74,100,3.11,overcast clouds
635,Coihaique,CL,-45.58,-72.07,52.41,62,0,2.3,clear sky
636,Komsomolsk,UA,49.01,33.65,38.91,70,100,6.46,overcast clouds
637,New Ulm,US,44.31,-94.46,43.18,48,0,11.5,clear sky
638,Plettenberg Bay,ZA,-34.05,23.37,67.01,78,100,0.94,overcast clouds
639,Neuquen,AR,-38.95,-68.06,80.85,31,96,25.88,light rain
640,Talcahuano,CL,-36.72,-73.12,55.08,82,0,12.66,clear sky
641,Kamenka,RU,51.32,42.77,30.38,82,61,4.47,broken clouds
642,Salumbar,IN,24.13,74.05,70.7,40,49,4.61,scattered clouds
643,Spirit River,CA,55.78,-118.84,1.83,83,100,8.75,overcast clouds
644,Zharkent,KZ,44.16,80.00,47.37,67,100,4.14,overcast clouds
645,Atambua,ID,-9.11,124.89,84.11,59,100,1.52,overcast clouds
646,Kishi,NG,9.08,3.85,72.01,35,100,2.66,overcast clouds
647,Krasnoselkup,RU,65.70,82.47,16.86,96,100,6.22,overcast clouds
648,Tual,ID,-5.67,132.75,84.15,72,100,9.46,overcast clouds
649,Urumqi,CN,43.80,87.60,38.35,70,100,2.24,overcast clouds
650,Tongchuan,CN,35.08,109.09,52.9,34,81,5.55,broken clouds
651,Ondjiva,AO,-17.07,15.73,66.72,50,34,11.32,scattered clouds
652,Kushmurun,KZ,52.45,64.63,25.14,89,100,5.91,overcast clouds
653,Pisco,PE,-13.70,-76.22,62.65,77,0,8.05,clear sky
654,Terney,RU,45.05,136.61,41.95,38,77,3.62,broken clouds
655,Farah,AF,32.50,62.50,56.16,62,0,0.89,clear sky
656,Pouebo,NC,-20.40,164.57,82.08,71,25,9.66,scattered clouds
657,Waingapu,ID,-9.66,120.26,85.78,60,99,4.07,overcast clouds
658,Biltine,TD,14.53,20.92,77.83,19,5,12.12,clear sky
659,Buta,CD,2.79,24.73,68.36,100,100,2.26,light rain
660,Menongue,AO,-14.66,17.69,63.63,86,75,3.94,broken clouds
661,Namwala,ZM,-15.75,26.44,70.32,80,100,3.02,light rain
662,Sarahan,IN,31.52,77.80,46.71,42,100,5.35,overcast clouds
663,Shaowu,CN,27.34,117.48,63.75,84,77,2.01,broken clouds
664,Port Augusta,AU,-32.50,137.77,84.99,20,0,7.0,clear sky
665,Iranshahr,IR,27.20,60.68,68.5,54,0,2.91,clear sky
666,Alice,US,27.75,-98.07,78.96,87,75,13.8,broken clouds
667,Nunoa,PE,-14.48,-70.64,41.07,85,99,4.43,overcast clouds
668,College,US,64.86,-147.80,7.9,84,75,0.0,broken clouds
669,Siukh,RU,42.60,46.54,20.19,91,7,1.3,clear sky
